Datetime,紅土網球場,舊體育館,游泳池,新南球場
2026-01-01 00:00:00,0.0,8.57,13.96,0.7
2026-01-01 01:00:00,0.0,8.56,14.8,0.66
2026-01-01 02:00:00,0.0,7.66,20.29,0.78
2026-01-01 03:00:00,0.0,8.78,18.86,0.72
2026-01-01 04:00:00,0.01,10.09,14.94,0.66
2026-01-01 05:00:00,0.0,9.0,14.5,0.9
2026-01-01 06:00:00,0.0,8.75,18.69,0.56
2026-01-01 07:00:00,0.01,9.19,18.34,0.8
2026-01-01 08:00:00,0.0,10.79,13.16,0.68
2026-01-01 09:00:00,0.0,8.03,12.43,0.63
2026-01-01 10:00:00,0.01,7.72,17.22,0.75
2026-01-01 11:00:00,0.0,9.41,17.65,0.51
2026-01-01 12:00:00,0.01,7.18,13.22,0.79
2026-01-01 13:00:00,0.0,7.22,12.91,0.68
2026-01-01 14:00:00,0.0,8.11,15.37,0.82
2026-01-01 15:00:00,0.0,8.22,21.44,0.99
2026-01-01 16:00:00,0.0,7.94,12.83,1.08
2026-01-01 17:00:00,0.0,7.44,13.85,21.01
2026-01-01 18:00:00,0.01,7.57,15.32,19.91
2026-01-01 19:00:00,0.0,7.36,25.06,17.24
2026-01-01 20:00:00,0.01,6.25,14.54,0.59
2026-01-01 21:00:00,0.0,6.87,15.56,0.54
2026-01-01 22:00:00,0.0,8.1,16.18,0.83
2026-01-01 23:00:00,0.01,12.13,22.03,0.61
2026-01-02 00:00:00,0.0,8.76,17.27,0.66
2026-01-02 01:00:00,0.0,7.94,13.94,0.59
2026-01-02 02:00:00,0.01,7.42,13.98,0.73
2026-01-02 03:00:00,0.0,8.84,23.32,0.67
2026-01-02 04:00:00,0.0,8.42,16.83,0.65
2026-01-02 05:00:00,0.0,10.61,14.47,0.8
2026-01-02 06:00:00,0.0,10.3,22.34,0.55
2026-01-02 07:00:00,0.01,12.13,30.46,0.65
2026-01-02 08:00:00,0.0,12.19,24.61,0.86
2026-01-02 09:00:00,0.01,9.59,26.86,0.53
2026-01-02 10:00:00,0.0,9.76,28.55,0.51
2026-01-02 11:00:00,0.0,10.53,19.38,0.47
2026-01-02 12:00:00,0.01,9.97,25.86,0.43
2026-01-02 13:00:00,0.0,10.03,29.44,0.51
2026-01-02 14:00:00,0.0,13.42,26.48,0.76
2026-01-02 15:00:00,0.0,22.1,19.25,0.53
2026-01-02 16:00:00,0.0,25.23,13.78,3.77
2026-01-02 17:00:00,0.01,27.88,38.22,13.5
2026-01-02 18:00:00,0.0,20.21,33.74,12.38
2026-01-02 19:00:00,0.0,29.34,28.22,2.56
2026-01-02 20:00:00,0.01,28.39,28.3,10.72
2026-01-02 21:00:00,0.0,27.05,36.28,10.82
2026-01-02 22:00:00,0.01,17.69,13.64,2.22
2026-01-02 23:00:00,0.0,11.95,13.62,0.66
2026-01-03 00:00:00,0.0,12.01,24.31,0.72
2026-01-03 01:00:00,0.01,8.94,13.73,0.85
2026-01-03 02:00:00,0.0,9.07,13.71,0.65
2026-01-03 03:00:00,0.0,9.52,24.14,0.6
2026-01-03 04:00:00,0.0,9.8,13.85,0.69
2026-01-03 05:00:00,0.0,11.49,13.68,0.59
2026-01-03 06:00:00,0.01,10.21,18.44,0.87
2026-01-03 07:00:00,0.0,9.96,28.8,1.13
2026-01-03 08:00:00,0.0,22.62,24.97,0.4
2026-01-03 09:00:00,0.01,21.22,27.1,0.99
2026-01-03 10:00:00,0.0,23.37,17.88,0.67
2026-01-03 11:00:00,0.0,21.21,20.46,0.69
2026-01-03 12:00:00,0.01,24.79,28.97,0.58
2026-01-03 13:00:00,0.0,20.69,20.91,0.91
2026-01-03 14:00:00,0.0,20.94,24.56,0.78
2026-01-03 15:00:00,0.0,23.03,13.19,0.87
2026-01-03 16:00:00,0.0,23.53,11.9,4.64
2026-01-03 17:00:00,5.54,20.89,34.65,38.04
2026-01-03 18:00:00,6.75,17.61,27.92,39.25
2026-01-03 19:00:00,6.73,16.95,28.63,39.27
2026-01-03 20:00:00,4.11,22.91,34.74,18.79
2026-01-03 21:00:00,0.98,20.81,28.1,14.04
2026-01-03 22:00:00,0.0,10.08,13.81,0.82
2026-01-03 23:00:00,0.0,7.46,14.85,0.68
2026-01-04 00:00:00,0.0,10.27,22.17,0.66
2026-01-04 01:00:00,0.0,7.03,13.98,0.65
2026-01-04 02:00:00,0.0,6.92,13.47,0.8
2026-01-04 03:00:00,0.01,8.07,20.61,0.65
2026-01-04 04:00:00,0.0,7.28,16.95,0.87
2026-01-04 05:00:00,0.0,7.93,13.32,0.59
2026-01-04 06:00:00,0.01,8.04,16.52,0.79
2026-01-04 07:00:00,0.0,8.83,29.38,1.24
2026-01-04 08:00:00,0.0,13.5,26.95,0.63
2026-01-04 09:00:00,0.01,10.93,25.84,0.83
2026-01-04 10:00:00,0.0,12.28,19.22,0.79
2026-01-04 11:00:00,0.0,14.39,23.46,0.72
2026-01-04 12:00:00,0.01,12.42,23.35,0.65
2026-01-04 13:00:00,0.0,12.55,21.87,0.88
2026-01-04 14:00:00,0.0,12.26,21.77,1.18
2026-01-04 15:00:00,0.0,12.39,14.8,0.94
2026-01-04 16:00:00,0.0,11.33,12.16,1.94
2026-01-04 17:00:00,4.85,16.83,27.71,34.53
2026-01-04 18:00:00,6.7,18.61,38.58,36.31
2026-01-04 19:00:00,1.41,12.03,31.7,31.26
2026-01-04 20:00:00,0.0,11.66,31.16,18.63
2026-01-04 21:00:00,0.63,12.48,29.2,10.06
2026-01-04 22:00:00,0.01,6.53,13.91,1.25
2026-01-04 23:00:00,0.0,8.14,14.28,1.05
2026-01-05 00:00:00,0.0,7.19,22.2,0.91
2026-01-05 01:00:00,0.0,7.54,12.67,0.61
2026-01-05 02:00:00,0.0,6.69,12.93,0.72
2026-01-05 03:00:00,0.01,7.48,20.32,0.83
2026-01-05 04:00:00,0.0,8.36,16.84,0.64
2026-01-05 05:00:00,0.0,9.71,13.2,0.65
2026-01-05 06:00:00,0.01,9.35,20.54,0.83
2026-01-05 07:00:00,0.0,11.29,28.77,0.79
2026-01-05 08:00:00,0.0,22.05,23.58,0.72
2026-01-05 09:00:00,0.01,20.42,21.05,0.63
2026-01-05 10:00:00,0.0,20.46,27.85,0.85
2026-01-05 11:00:00,0.0,20.67,19.05,0.61
2026-01-05 12:00:00,0.01,17.14,23.51,0.65
2026-01-05 13:00:00,0.0,9.74,29.18,0.69
2026-01-05 14:00:00,0.0,15.99,26.47,0.93
2026-01-05 15:00:00,0.0,24.12,19.35,0.64
2026-01-05 16:00:00,0.99,27.09,15.72,10.51
2026-01-05 17:00:00,6.72,30.65,30.93,39.03
2026-01-05 18:00:00,6.74,33.27,33.48,23.21
2026-01-05 19:00:00,6.73,30.27,27.48,25.23
2026-01-05 20:00:00,0.03,30.65,28.27,23.15
2026-01-05 21:00:00,0.63,25.16,26.7,22.29
2026-01-05 22:00:00,0.01,12.4,21.66,0.71
2026-01-05 23:00:00,0.0,8.22,13.58,0.69
2026-01-06 00:00:00,0.0,6.73,13.08,0.69
2026-01-06 01:00:00,0.0,7.9,15.76,0.74
2026-01-06 02:00:00,0.01,7.54,21.49,0.75
2026-01-06 03:00:00,0.0,8.11,13.31,0.71
2026-01-06 04:00:00,0.0,8.54,13.02,0.67
2026-01-06 05:00:00,0.0,9.61,21.75,0.7
2026-01-06 06:00:00,0.0,10.92,17.3,0.61
2026-01-06 07:00:00,0.0,12.74,24.99,0.88
2026-01-06 08:00:00,0.0,22.29,23.23,0.75
2026-01-06 09:00:00,0.01,20.17,17.58,0.73
2026-01-06 10:00:00,0.0,20.67,16.81,0.68
2026-01-06 11:00:00,0.0,20.74,27.48,0.63
2026-01-06 12:00:00,0.0,19.55,27.84,0.7
2026-01-06 13:00:00,0.01,18.52,28.37,0.49
2026-01-06 14:00:00,0.0,23.04,17.53,0.51
2026-01-06 15:00:00,0.0,23.91,18.87,0.55
2026-01-06 16:00:00,0.01,25.57,12.27,0.67
2026-01-06 17:00:00,0.0,29.15,29.7,1.76
2026-01-06 18:00:00,0.0,21.41,34.68,10.88
2026-01-06 19:00:00,0.0,14.1,35.37,0.95
2026-01-06 20:00:00,0.0,22.82,27.41,0.46
2026-01-06 21:00:00,0.0,20.96,25.73,0.67
2026-01-06 22:00:00,0.01,7.34,21.32,0.66
2026-01-06 23:00:00,0.0,7.45,13.0,0.69
2026-01-07 00:00:00,0.0,7.06,20.39,0.59
2026-01-07 01:00:00,0.01,7.07,13.48,0.68
2026-01-07 02:00:00,0.0,7.29,12.8,0.83
2026-01-07 03:00:00,0.0,7.27,20.05,0.58
2026-01-07 04:00:00,0.0,7.52,16.37,0.66
2026-01-07 05:00:00,0.01,10.2,12.75,0.78
2026-01-07 06:00:00,0.0,10.73,19.41,1.07
2026-01-07 07:00:00,0.0,12.39,28.55,0.62
2026-01-07 08:00:00,0.01,24.24,26.49,0.96
2026-01-07 09:00:00,0.0,20.24,17.39,0.48
2026-01-07 10:00:00,0.0,20.46,26.94,0.5
2026-01-07 11:00:00,0.0,21.06,18.38,0.71
2026-01-07 12:00:00,0.0,21.35,28.67,0.45
2026-01-07 13:00:00,0.0,21.03,28.86,0.66
2026-01-07 14:00:00,0.0,21.92,26.26,0.85
2026-01-07 15:00:00,0.01,25.41,18.53,0.65
2026-01-07 16:00:00,0.0,29.53,14.72,9.41
2026-01-07 17:00:00,5.63,29.65,29.49,38.25
2026-01-07 18:00:00,6.72,30.48,40.73,30.66
2026-01-07 19:00:00,6.74,35.05,26.65,33.05
2026-01-07 20:00:00,6.73,28.44,27.79,26.73
2026-01-07 21:00:00,6.74,27.35,32.03,25.78
2026-01-07 22:00:00,1.01,18.1,14.82,2.1
2026-01-07 23:00:00,0.0,8.9,12.6,0.85
2026-01-08 00:00:00,0.01,10.49,18.1,0.64
2026-01-08 01:00:00,0.0,11.35,18.2,0.65
2026-01-08 02:00:00,0.0,14.23,12.27,0.66
2026-01-08 03:00:00,0.0,10.1,16.49,0.67
2026-01-08 04:00:00,0.01,10.03,19.22,0.84
2026-01-08 05:00:00,0.0,11.9,12.46,0.57
2026-01-08 06:00:00,0.0,9.83,16.03,0.62
2026-01-08 07:00:00,0.0,13.8,28.66,0.98
2026-01-08 08:00:00,0.0,23.49,28.77,0.84
2026-01-08 09:00:00,0.0,21.83,17.84,0.45
2026-01-08 10:00:00,0.0,21.98,18.35,1.01
2026-01-08 11:00:00,0.01,21.07,29.65,0.46
2026-01-08 12:00:00,0.0,20.08,28.91,0.56
2026-01-08 13:00:00,0.0,10.47,23.67,0.53
2026-01-08 14:00:00,0.0,10.88,17.23,0.76
2026-01-08 15:00:00,0.01,12.9,24.52,0.76
2026-01-08 16:00:00,0.0,14.57,11.22,0.58
2026-01-08 17:00:00,4.86,24.49,25.08,16.1
2026-01-08 18:00:00,6.79,32.16,31.63,27.27
2026-01-08 19:00:00,6.75,33.0,32.55,26.74
2026-01-08 20:00:00,6.75,28.69,26.94,26.75
2026-01-08 21:00:00,6.76,25.43,26.71,26.76
2026-01-08 22:00:00,2.6,11.18,20.58,4.69
2026-01-08 23:00:00,0.0,9.67,14.35,0.62
2026-01-09 00:00:00,0.0,8.74,19.18,0.76
2026-01-09 01:00:00,0.0,7.06,14.6,0.62
2026-01-09 02:00:00,0.0,7.01,13.31,0.66
2026-01-09 03:00:00,0.0,7.59,19.91,0.62
2026-01-09 04:00:00,0.0,8.45,19.83,0.65
2026-01-09 05:00:00,0.0,9.55,13.19,0.68
2026-01-09 06:00:00,0.0,10.17,16.38,0.69
2026-01-09 07:00:00,0.0,11.91,27.66,1.05
2026-01-09 08:00:00,0.0,10.94,29.39,0.67
2026-01-09 09:00:00,0.0,9.91,25.81,0.59
2026-01-09 10:00:00,0.0,9.99,17.31,0.87
2026-01-09 11:00:00,0.0,12.42,24.34,0.58
2026-01-09 12:00:00,0.01,11.45,29.18,0.64
2026-01-09 13:00:00,0.0,13.86,29.19,0.72
2026-01-09 14:00:00,0.0,12.22,19.68,0.61
2026-01-09 15:00:00,0.0,16.6,15.81,0.95
2026-01-09 16:00:00,0.0,19.65,21.3,1.06
2026-01-09 17:00:00,5.19,26.9,30.82,23.82
2026-01-09 18:00:00,6.78,30.99,27.78,21.01
2026-01-09 19:00:00,3.6,28.37,26.55,17.38
2026-01-09 20:00:00,0.0,29.92,36.44,13.77
2026-01-09 21:00:00,0.0,27.96,22.96,13.56
2026-01-09 22:00:00,0.0,19.35,19.26,1.53
2026-01-09 23:00:00,0.0,14.47,12.57,0.58
2026-01-10 00:00:00,0.0,8.63,17.36,0.64
2026-01-10 01:00:00,0.0,9.19,17.5,0.63
2026-01-10 02:00:00,0.0,9.18,12.14,0.94
2026-01-10 03:00:00,0.0,9.01,16.87,0.61
2026-01-10 04:00:00,0.0,10.17,18.53,0.62
2026-01-10 05:00:00,0.0,10.87,12.29,0.76
2026-01-10 06:00:00,0.0,9.66,25.64,0.57
2026-01-10 07:00:00,0.0,10.6,16.55,0.88
2026-01-10 08:00:00,0.0,13.12,28.34,0.66
2026-01-10 09:00:00,0.0,9.51,26.16,0.55
2026-01-10 10:00:00,0.0,20.75,14.84,1.3
2026-01-10 11:00:00,0.0,23.37,20.26,0.76
2026-01-10 12:00:00,0.0,23.61,26.64,0.65
2026-01-10 13:00:00,0.0,23.07,28.74,0.89
2026-01-10 14:00:00,0.0,22.72,19.36,0.76
2026-01-10 15:00:00,0.0,24.17,11.05,1.04
2026-01-10 16:00:00,1.65,25.22,13.31,7.99
2026-01-10 17:00:00,6.74,28.81,37.34,38.9
2026-01-10 18:00:00,6.73,25.94,30.98,33.17
2026-01-10 19:00:00,3.04,18.18,27.5,29.13
2026-01-10 20:00:00,0.0,18.37,28.44,19.94
2026-01-10 21:00:00,0.76,16.52,32.99,13.62
2026-01-10 22:00:00,0.0,9.65,16.51,1.1
2026-01-10 23:00:00,0.0,12.03,13.06,0.74
2026-01-11 00:00:00,0.0,7.03,15.9,0.72
2026-01-11 01:00:00,0.0,7.87,19.3,0.7
2026-01-11 02:00:00,0.0,7.19,13.48,0.65
2026-01-11 03:00:00,0.0,7.48,17.91,0.69
2026-01-11 04:00:00,0.0,8.59,16.16,0.68
2026-01-11 05:00:00,0.0,8.34,13.54,0.68
2026-01-11 06:00:00,0.0,9.5,15.57,0.77
2026-01-11 07:00:00,0.0,8.14,26.15,1.13
2026-01-11 08:00:00,,,,
2026-01-11 09:00:00,,,,
2026-01-11 10:00:00,,,,
2026-01-11 11:00:00,,,,
2026-01-11 12:00:00,,,,
2026-01-11 13:00:00,,,,
2026-01-11 14:00:00,,,,
2026-01-11 15:00:00,,,,
2026-01-11 16:00:00,,,,
2026-01-11 17:00:00,5.67,9.1,13.8,30.65
2026-01-11 18:00:00,6.81,12.9,32.2,23.86
2026-01-11 19:00:00,5.12,11.79,19.33,23.94
2026-01-11 20:00:00,0.0,12.17,17.86,17.51
2026-01-11 21:00:00,0.62,14.09,22.71,9.08
2026-01-11 22:00:00,0.0,6.93,3.6,1.23
2026-01-11 23:00:00,0.0,9.05,11.03,0.92
2026-01-12 00:00:00,0.0,6.92,2.66,0.62
2026-01-12 01:00:00,0.0,7.12,2.93,0.69
2026-01-12 02:00:00,0.0,12.44,12.24,0.84
2026-01-12 03:00:00,0.0,7.56,2.79,0.6
2026-01-12 04:00:00,0.0,7.74,3.4,0.74
2026-01-12 05:00:00,0.0,10.05,7.87,0.87
2026-01-12 06:00:00,0.0,9.42,10.45,0.9
2026-01-12 07:00:00,0.0,10.62,13.76,0.67
2026-01-12 08:00:00,0.0,9.6,18.48,0.64
2026-01-12 09:00:00,0.0,9.27,9.37,0.84
2026-01-12 10:00:00,0.0,10.95,11.3,0.66
2026-01-12 11:00:00,0.0,9.91,22.48,0.49
2026-01-12 12:00:00,0.0,17.59,29.19,0.65
2026-01-12 13:00:00,0.0,24.49,27.21,0.6
2026-01-12 14:00:00,0.0,24.43,14.53,0.79
2026-01-12 15:00:00,0.0,27.12,14.84,0.65
2026-01-12 16:00:00,0.0,19.65,22.15,9.55
2026-01-12 17:00:00,5.19,25.14,27.74,24.81
2026-01-12 18:00:00,6.51,22.87,26.58,20.47
2026-01-12 19:00:00,0.96,16.98,32.13,24.36
2026-01-12 20:00:00,0.0,19.82,30.98,32.25
2026-01-12 21:00:00,0.66,16.2,30.64,22.54
2026-01-12 22:00:00,0.0,13.33,12.95,1.38
2026-01-12 23:00:00,0.0,13.3,12.2,0.79
2026-01-13 00:00:00,0.0,12.53,20.69,0.73
2026-01-13 01:00:00,0.0,10.58,13.26,0.69
2026-01-13 02:00:00,0.0,9.16,12.66,0.62
2026-01-13 03:00:00,0.0,9.7,22.06,0.79
2026-01-13 04:00:00,0.0,9.38,13.03,0.62
2026-01-13 05:00:00,0.0,10.82,12.94,0.67
2026-01-13 06:00:00,0.0,10.39,25.14,0.86
2026-01-13 07:00:00,0.0,16.78,23.05,1.08
2026-01-13 08:00:00,0.0,19.22,29.2,0.67
2026-01-13 09:00:00,0.0,18.5,17.79,0.72
2026-01-13 10:00:00,0.0,18.1,22.15,0.75
2026-01-13 11:00:00,0.0,18.86,27.6,0.8
2026-01-13 12:00:00,0.0,18.17,18.3,0.58
2026-01-13 13:00:00,0.0,23.52,28.11,0.69
2026-01-13 14:00:00,0.0,22.26,24.22,0.85
2026-01-13 15:00:00,0.0,24.15,14.43,0.78
2026-01-13 16:00:00,0.0,25.23,15.19,1.05
2026-01-13 17:00:00,4.77,29.52,29.84,23.47
2026-01-13 18:00:00,6.53,40.53,32.28,20.31
2026-01-13 19:00:00,6.5,35.8,27.5,21.31
2026-01-13 20:00:00,6.52,25.22,26.75,26.27
2026-01-13 21:00:00,1.87,17.77,33.68,20.59
2026-01-13 22:00:00,0.0,8.23,13.59,0.75
2026-01-13 23:00:00,0.0,8.01,12.53,0.84
2026-01-14 00:00:00,0.0,7.4,21.09,0.86
2026-01-14 01:00:00,0.0,7.03,13.15,0.59
2026-01-14 02:00:00,0.0,7.42,12.93,0.7
2026-01-14 03:00:00,0.0,8.06,20.11,0.65
2026-01-14 04:00:00,0.0,8.95,15.24,0.73
2026-01-14 05:00:00,0.0,8.98,12.85,0.82
2026-01-14 06:00:00,0.0,9.77,22.34,0.98
2026-01-14 07:00:00,0.0,9.32,28.19,0.81
2026-01-14 08:00:00,0.0,17.29,25.24,0.82
2026-01-14 09:00:00,0.0,20.76,17.43,0.59
2026-01-14 10:00:00,0.0,22.08,24.11,0.74
2026-01-14 11:00:00,0.0,15.81,19.84,0.84
2026-01-14 12:00:00,0.0,10.96,24.84,0.78
2026-01-14 13:00:00,0.0,14.37,28.96,0.57
2026-01-14 14:00:00,0.0,11.45,18.24,0.85
2026-01-14 15:00:00,0.0,12.78,14.54,0.81
2026-01-14 16:00:00,0.0,16.76,14.09,0.69
2026-01-14 17:00:00,4.4,20.27,37.34,22.34
2026-01-14 18:00:00,6.53,31.33,26.06,26.57
2026-01-14 19:00:00,6.56,28.95,27.45,26.65
2026-01-14 20:00:00,6.54,29.84,26.9,20.1
2026-01-14 21:00:00,6.53,28.33,30.09,19.99
2026-01-14 22:00:00,1.05,23.94,17.69,1.78
2026-01-14 23:00:00,0.0,12.91,12.37,0.72
2026-01-15 00:00:00,0.0,11.42,14.51,0.77
2026-01-15 01:00:00,0.0,9.21,18.87,0.68
2026-01-15 02:00:00,0.0,9.12,13.02,0.63
2026-01-15 03:00:00,0.0,10.16,13.81,1.0
2026-01-15 04:00:00,0.0,10.17,20.25,0.62
2026-01-15 05:00:00,0.0,11.12,13.41,0.71
2026-01-15 06:00:00,0.0,9.52,15.47,0.87
2026-01-15 07:00:00,0.0,13.83,24.76,0.81
2026-01-15 08:00:00,0.0,21.73,25.16,0.99
2026-01-15 09:00:00,0.0,21.63,16.26,0.65
2026-01-15 10:00:00,0.0,21.12,23.56,0.85
2026-01-15 11:00:00,0.0,21.93,24.83,0.85
2026-01-15 12:00:00,0.0,21.78,17.03,0.7
2026-01-15 13:00:00,0.01,27.24,25.56,0.8
2026-01-15 14:00:00,0.0,28.08,24.73,0.72
2026-01-15 15:00:00,0.0,25.33,14.11,1.04
2026-01-15 16:00:00,0.0,27.72,12.84,1.05
2026-01-15 17:00:00,4.69,31.82,32.36,9.22
2026-01-15 18:00:00,6.52,31.19,29.35,32.88
2026-01-15 19:00:00,6.56,29.33,27.31,28.34
2026-01-15 20:00:00,6.54,31.25,27.67,26.42
2026-01-15 21:00:00,6.54,24.0,30.36,20.5
2026-01-15 22:00:00,2.6,8.53,16.22,4.34
2026-01-15 23:00:00,0.0,10.53,13.13,0.67
2026-01-16 00:00:00,0.0,10.06,14.17,0.75
2026-01-16 01:00:00,0.0,8.42,18.23,0.71
2026-01-16 02:00:00,0.0,8.76,12.61,0.82
2026-01-16 03:00:00,0.0,8.52,14.2,0.76
2026-01-16 04:00:00,0.0,8.33,19.58,0.65
2026-01-16 05:00:00,0.0,11.01,12.33,0.62
2026-01-16 06:00:00,0.0,11.79,16.22,0.83
2026-01-16 07:00:00,0.0,12.05,25.2,0.75
2026-01-16 08:00:00,0.0,12.36,21.13,0.81
2026-01-16 09:00:00,0.0,12.24,17.12,0.73
2026-01-16 10:00:00,0.0,11.79,24.05,0.81
2026-01-16 11:00:00,0.0,11.0,20.3,0.61
2026-01-16 12:00:00,0.0,12.45,26.85,0.72
2026-01-16 13:00:00,0.0,18.15,29.24,0.46
2026-01-16 14:00:00,0.0,18.37,20.13,1.18
2026-01-16 15:00:00,0.0,21.44,14.99,0.94
2026-01-16 16:00:00,0.0,28.58,13.33,0.68
2026-01-16 17:00:00,4.23,33.89,30.45,14.8
2026-01-16 18:00:00,,,,
2026-01-16 19:00:00,,,,
2026-01-16 20:00:00,0.0,30.86,27.23,19.98
2026-01-16 21:00:00,0.01,33.28,31.02,16.33
2026-01-16 22:00:00,0.0,20.13,15.71,1.9
2026-01-16 23:00:00,0.0,9.87,12.69,0.82
2026-01-17 00:00:00,,,,
2026-01-17 01:00:00,,,,
2026-01-17 02:00:00,,,,
2026-01-17 03:00:00,,,,
2026-01-17 04:00:00,,,,
2026-01-17 05:00:00,,,,
2026-01-17 06:00:00,,,,
2026-01-17 07:00:00,,,,
2026-01-17 08:00:00,,,,
2026-01-17 09:00:00,,,,
2026-01-17 10:00:00,,,,
2026-01-17 11:00:00,,,,
2026-01-17 12:00:00,,,,
2026-01-17 13:00:00,,,,
2026-01-17 14:00:00,,,,
2026-01-17 15:00:00,,,,
2026-01-17 16:00:00,,,,
